{"1767875400_BinanceUkraine_newTweet": 1767886728.465624, "1767875810_nina_rong_reply": 1767886728.465645, "1767876162_realDonaldTrumpTruthSocial_newTweet": 1767886728.4656582, "1767877231_BinanceUkraine_newTweet": 1767886728.4656692, "1767877626_saylor_newTweet": 1767886728.46568, "1767879377_elonmusk_retweet": 1767886728.4656909, "1767879603_nina_rong_reply": 1767886728.465757, "1767879635_elonmusk_retweet": 1767886728.4657679, "1767879668_elonmusk_retweet": 1767886728.465777, "1767879854_nina_rong_reply": 1767886728.465787, "1767879954_elonmusk_retweet": 1767886728.46805, "1767880064_elonmusk_quote": 1767886728.468061, "1767880139_elonmusk_retweet": 1767886728.468072, "1767880241_elonmusk_quote": 1767886728.468082, "1767880540_cz_binance_newTweet": 1767886728.4680908, "1767880800_BinanceUkraine_newTweet": 1767886728.468101, "1767880800_Binance_intern_newTweet": 1767886728.468142, "1767880800_binance_newTweet": 1767886728.4681568, "1767881182_elonmusk_reply": 1767886728.46817, "1767881187_BinanceUkraine_newTweet": 1767886728.468182, "1767881235_elonmusk_retweet": 1767886728.470032, "1767881441_binancezh_newTweet": 1767886728.470047, "1767881689_cz_binance_quote": 1767886728.470061, "1767881989_elonmusk_quote": 1767886728.470072, "1767882050_elonmusk_retweet": 1767886728.470083, "1767882395_elonmusk_reply": 1767886728.470102, "1767882608_elonmusk_quote": 1767886728.470112, "1767882672_elonmusk_quote": 1767886728.470121, "1767882928_elonmusk_retweet": 1767886728.470131, "1767882984_elonmusk_retweet": 1767886728.47014, "1767883015_realDonaldTrumpTruthSocial_newTweet": 1767886728.470656, "1767883132_elonmusk_reply": 1767886728.4706671, "1767883415_elonmusk_quote": 1767886728.47079, "1767883483_nina_rong_reply": 1767886728.470853, "1767883523_elonmusk_retweet": 1767886728.471362, "1767883539_elonmusk_retweet": 1767886728.471379, "1767883916_elonmusk_retweet": 1767886728.471393, "1767884014_elonmusk_quote": 1767886728.471473, "1767884050_cz_binance_reply": 1767886728.471684, "1767884088_elonmusk_retweet": 1767886728.471699, "1767884092_cz_binance_reply": 1767886728.47238, "1767884149_elonmusk_quote": 1767886728.472398, "1767884247__RichardTeng_newTweet": 1767886728.4724128, "1767884248__RichardTeng_reply": 1767886728.472496, "1767884341_elonmusk_quote": 1767886728.472738, "1767884402_BinanceUkraine_newTweet": 1767886728.4729211, "1767884431_elonmusk_retweet": 1767886728.4729369, "1767884455_elonmusk_retweet": 1767886728.4729521, "1767884498_binance_newTweet": 1767886728.472965, "1767884560_binance_newTweet": 1767886728.4729779, "1767884581_elonmusk_quote": 1767886728.473572, "1767884804_cz_binance_quote": 1767886728.47359, "1767884856_elonmusk_retweet": 1767886728.4736042, "1767884918_binance_newTweet": 1767886728.473618, "1767884926_elonmusk_retweet": 1767886728.473653, "1767884955_elonmusk_quote": 1767886728.4736671, "1767884999_elonmusk_retweet": 1767886728.473681, "1767885135_heyibinance_retweet": 1767886728.473697, "1767885136_elonmusk_quote": 1767886728.473711, "1767885233_elonmusk_quote": 1767886728.473771, "1767885515_elonmusk_quote": 1767886728.475084, "1767885538_elonmusk_quote": 1767886728.4750988, "1767885625_elonmusk_quote": 1767886728.4751139, "1767885696_elonmusk_reply": 1767886728.4751282, "1767886019_justinsuntron_quote": 1767886728.475143, "1767886080_VitalikButerin_reply": 1767886728.475157, "1767886209_elonmusk_quote": 1767886728.4751701, "1767886457_elonmusk_retweet": 1767886728.475182, "1767886953_elonmusk_quote": 1767886954.93431, "1767887016_elonmusk_quote": 1767887019.3829079, "1767887043_elonmusk_quote": 1767887045.585776, "1767887135_elonmusk_retweet": 1767887136.745981, "1767887063_elonmusk_retweet": 1767887153.8664398, "1767887274_elonmusk_retweet": 1767887276.7403462, "1767887541_toly_follow": 1767887542.126934, "1767887564_elonmusk_quote": 1767887565.812213, "1767888000_BinanceUkraine_newTweet": 1767888001.762371, "1767888022_elonmusk_quote": 1767888024.432259, "1767888041_BinanceAfrica_newTweet": 1767888043.0532532, "1767888061_binance_newTweet": 1767888061.6807501, "1767888172_elonmusk_newTweet": 1767888173.917006, "1767888252_elonmusk_reply": 1767888254.436584, "1767888275_elonmusk_retweet": 1767888277.577541, "1767888318_elonmusk_reply": 1767888321.35724, "1767888616_elonmusk_quote": 1767888619.399169, "1767888966_elonmusk_retweet": 1767888968.7989361, "1767889056_elonmusk_reply": 1767889058.4526238, "1767889073_elonmusk_retweet": 1767889135.595974, "1767889253_elonmusk_retweet": 1767889254.41394, "1767889275_elonmusk_retweet": 1767889383.730706, "1767889404_test_user_newTweet": 1767889405.361887, "1767889460_VitalikButerin_reply": 1767889463.2618701, "1767889486_elonmusk_retweet": 1767889488.4249868, "1767889570_elonmusk_retweet": 1767889572.482381, "1767889586_elonmusk_retweet": 1767889587.5760891, "1767889724_elonmusk_retweet": 1767889726.981559, "1767889809_elonmusk_newTweet": 1767889810.620138, "1767889818_test_user_newTweet": 1767889818.172708, "1767889841_test_user_newTweet": 1767889841.825734, "1767889877_elonmusk_quote": 1767889879.092847, "1767889972_test_user_newTweet": 1767889972.206479, "1767890188_elonmusk_reply": 1767890192.172241, "1767890212_test_user_newTweet": 1767890212.988682, "1767890297_justinsuntron_quote": 1767890298.567275, "1767890331_justinsuntron_quote": 1767890332.277369, "1767890429_elonmusk_retweet": 1767890431.403432, "1767890929_elonmusk_quote": 1767890931.563683, "1767890967_elonmusk_reply": 1767890970.3179379, "1767891148_elonmusk_reply": 1767892103.196377, "1767891268_elonmusk_reply": 1767892103.197533, "1767891481_VitalikButerin_reply": 1767892103.197568, "1767891601_BinanceUkraine_newTweet": 1767892103.1982322, "1767892256_elonmusk_retweet": 1767893049.0552661, "1767892295_elonmusk_reply": 1767893049.057743, "1767892303_elonmusk_retweet": 1767893049.0578701, "1767892494_elonmusk_quote": 1767893049.057966, "1767892584_elonmusk_retweet": 1767893049.0663738, "1767892791_elonmusk_quote": 1767893049.066417, "1767893078_elonmusk_quote": 1767893080.460994, "1767893603_elonmusk_retweet": 1767894075.1802921, "1767893660_elonmusk_retweet": 1767894075.181451, "1767893680_elonmusk_reply": 1767894075.1814752, "1767894206_elonmusk_reply": 1767895158.410783, "1767894423_elonmusk_quote": 1767895158.414243, "1767894449_heyibinance_retweet": 1767895158.414838, "1767894534_brian_armstrong_newTweet": 1767895158.4148989, "1767894561_realDonaldTrumpTruthSocial_newTweet": 1767895158.428431, "1767894801_elonmusk_retweet": 1767895158.4284742, "1767894924_elonmusk_quote": 1767895158.428519, "1767894988_elonmusk_reply": 1767895158.4285529, "1767895027_elonmusk_quote": 1767895158.4305768, "1767895123_elonmusk_reply": 1767895158.43389, "1767895202_Binance_intern_newTweet": 1767896111.4814389, "1767895245_binance_newTweet": 1767896111.486026, "1767895329_elonmusk_retweet": 1767896111.486235, "1767895561_elonmusk_reply": 1767896111.486316, "1767895802_elonmusk_retweet": 1767896111.493618, "1767895935_elonmusk_retweet": 1767896111.493669, "1767896020_elonmusk_retweet": 1767896111.493713, "1767896138_elonmusk_retweet": 1767896140.322054, "1767896150_elonmusk_retweet": 1767897197.42783, "1767896163_elonmusk_retweet": 1767897197.429208, "1767896460_elonmusk_retweet": 1767897197.4293811, "1767897195_heyibinance_follow": 1767897197.4294841, "1767897211_elonmusk_retweet": 1767897212.068838, "1767897256_heyibinance_follow": 1767898279.458842, "1767897785_elonmusk_quote": 1767898279.466054, "1767897852_elonmusk_quote": 1767898279.466341, "1767897863_saylor_follow": 1767898279.466381, "1767897905_elonmusk_reply": 1767898279.466431, "1767898100_justinsuntron_retweet": 1767898279.466471, "1767898755_saylor_retweet": 1767899408.450141, "1767898843_elonmusk_retweet": 1767899408.452987, "1767898904_elonmusk_reply": 1767899408.45313, "1767898982_elonmusk_reply": 1767899408.453193, "1767899547_BinanceAfrica_newTweet": 1767900478.665503, "1767899890_elonmusk_quote": 1767900478.673911,