{"1767852001_Binance_intern_newTweet": 1767852487.3552861, "1767852028_binance_newTweet": 1767852487.358069, "1767852700_nina_rong_retweet": 1767853121.541156, "1767853879_elonmusk_retweet": 1767854220.9313421, "1767854128_elonmusk_reply": 1767854220.935358, "1767854317_elonmusk_reply": 1767855189.8753989, "1767854535_elonmusk_retweet": 1767855189.877857, "1767854775_VitalikButerin_newTweet": 1767855189.879503, "1767854783_elonmusk_reply": 1767855189.8807092, "1767855605_elonmusk_retweet": 1767855885.163359, "1767855635_VitalikButerin_newTweet": 1767855885.167265, "1767855887_elonmusk_reply": 1767855903.289442, "1767855973_binancezh_newTweet": 1767855979.29266, "1767856003_elonmusk_reply": 1767856008.486656, "1767856209_elonmusk_reply": 1767856211.850486, "1767856270_elonmusk_reply": 1767856288.531092, "1767856417_elonmusk_reply": 1767856430.116538, "1767856532_elonmusk_reply": 1767856651.075308, "1767856662_elonmusk_reply": 1767856673.703679, "1767856895_elonmusk_retweet": 1767856896.686541, "1767857188_VitalikButerin_reply": 1767857190.593817, "1767857311_elonmusk_reply": 1767857312.8735108, "1767857364_elonmusk_retweet": 1767857366.69789, "1767857445_elonmusk_reply": 1767857447.740549, "1767857583_elonmusk_retweet": 1767858064.1526022, "1767857623_elonmusk_reply": 1767858310.578295, "1767857776_elonmusk_quote": 1767858310.5789042, "1767857797_elonmusk_retweet": 1767858310.5792189, "1767857828_elonmusk_retweet": 1767858310.5794969, "1767858084_VitalikButerin_reply": 1767858310.580429, "1767858247_elonmusk_reply": 1767858310.581275, "1767858309_Binance_intern_reply": 1767858310.583103, "1767858362_test_user_newTweet": 1767858362.926707, "1767858376_elonmusk_retweet": 1767858378.009286, "1767858384_Binance_intern_reply": 1767858386.56436, "1767858444_Binance_intern_reply": 1767858445.961498, "1767858480_elonmusk_reply": 1767858482.205208, "1767858616_elonmusk_reply": 1767858618.177407, "1767858663_elonmusk_retweet": 1767858665.513383, "1767858736_elonmusk_quote": 1767858739.029124, "1767858779_test_user_newTweet": 1767858780.324777, "1767858794_test_user_newTweet": 1767858794.4138281, "1767858909_test_user_newTweet": 1767858910.151535, "1767859002_elonmusk_retweet": 1767859016.379072, "1767859022_elonmusk_retweet": 1767859079.0537422, "1767859098_test_user_newTweet": 1767859098.1815512, "1767859218_elonmusk_retweet": 1767859235.7046552, "1767859318_binance_newTweet": 1767859322.77529, "1767860055_elonmusk_reply": 1767860060.682254, "1767860973_elonmusk_reply": 1767860975.034605, "1767860998_elonmusk_reply": 1767861009.76786, "1767862330_BinanceUkraine_newTweet": 1767862332.5521522, "1767862464_test_user_newTweet": 1767862464.5274072, "1767862475_test_user_newTweet": 1767862475.5969422, "1767862711_test_user_newTweet": 1767862712.1563032, "1767862880_test_user_newTweet": 1767862880.879033, "1767862903_test_user_newTweet": 1767862903.521426, "1767862978_test_user_newTweet": 1767862979.043477, "1767863379_test_user_newTweet": 1767863379.45746, "1767863545_test_user_newTweet": 1767863545.6221921, "1767864120_test_user_newTweet": 1767864121.07339, "1767864214_test_user_newTweet": 1767864215.2057579, "1767864416_test_user_newTweet": 1767864416.428788, "1767864656_binancezh_newTweet": 1767864662.164531, "1767865265_test_user_newTweet": 1767865265.479925, "1767866271_test_user_newTweet": 1767866271.496244, "1767866400_BinanceUkraine_newTweet": 1767866402.4251919, "1767866401_Binance_intern_newTweet": 1767866410.98417, "1767866402_binance_newTweet": 1767866410.985246, "1767866504_binancezh_newTweet": 1767866506.623581, "1767866505_binancezh_reply": 1767866506.625809, "1767866506_binancezh_reply": 1767866508.635902, "1767866507_binancezh_reply": 1767866510.14674, "1767866534_binance_reply": 1767866539.3293388, "1767866631_Binance_intern_reply": 1767866637.46425, "1767866701_Binance_intern_reply": 1767866707.919821, "1767866754_Binance_intern_reply": 1767866756.923003, "1767867671_justinsuntron_quote": 1767867684.027563, "1767868118_test_user_newTweet": 1767868118.594212, "1767868368_test_user_newTweet": 1767868369.051096, "1767868426_justinsuntron_quote": 1767868427.953322, "1767869523_test_user_newTweet": 1767869523.690443, "1767869968_binance_reply": 1767869974.781941, "1767870001_BinanceUkraine_newTweet": 1767870118.362654, "1767870149_test_user_newTweet": 1767870149.579448, "1767870199_binancezh_newTweet": 1767870211.997498, "1767870479_BinanceUkraine_retweet": 1767870539.9718752, "1767870601_justinsuntron_retweet": 1767870603.8930938, "1767870639_justinsuntron_quote": 1767870641.667049, "1767871940_nina_rong_quote": 1767871942.633719, "1767872335_test_user_newTweet": 1767872335.528192, "1767872376_test_user_newTweet": 1767872376.769498, "1767872412_test_user_newTweet": 1767872412.990339, "1767872477_BNBCHAINZH_quote": 1767872479.448519, "1767872535_justinsuntron_quote": 1767872537.8293781, "1767872840_nina_rong_reply": 1767872848.715467, "1767872885_nina_rong_reply": 1767872887.488246, "1767872924_BinanceAfrica_newTweet": 1767872934.850729, "1767873024_justinsuntron_follow": 1767873025.929898, "1767873026_test_user_newTweet": 1767873026.452342, "1767873055_test_user_newTweet": 1767873056.1513548, "1767873600_BinanceUkraine_quote": 1767873601.821803, "1767873680_binance_newTweet": 1767873681.846785, "1767873717_binancezh_quote": 1767873718.584694, "1767875400_BinanceUkraine_newTweet": 1767886728.465624, "1767875810_nina_rong_reply": 1767886728.465645, "1767876162_realDonaldTrumpTruthSocial_newTweet": 1767886728.4656582, "1767877231_BinanceUkraine_newTweet": 1767886728.4656692, "1767877626_saylor_newTweet": 1767886728.46568, "1767879377_elonmusk_retweet": 1767886728.4656909, "1767879603_nina_rong_reply": 1767886728.465757, "1767879635_elonmusk_retweet": 1767886728.4657679, "1767879668_elonmusk_retweet": 1767886728.465777, "1767879854_nina_rong_reply": 1767886728.465787, "1767879954_elonmusk_retweet": 1767886728.46805, "1767880064_elonmusk_quote": 1767886728.468061, "1767880139_elonmusk_retweet": 1767886728.468072, "1767880241_elonmusk_quote": 1767886728.468082, "1767880540_cz_binance_newTweet": 1767886728.4680908, "1767880800_BinanceUkraine_newTweet": 1767886728.468101, "1767880800_Binance_intern_newTweet": 1767886728.468142, "1767880800_binance_newTweet": 1767886728.4681568, "1767881182_elonmusk_reply": 1767886728.46817, "1767881187_BinanceUkraine_newTweet": 1767886728.468182, "1767881235_elonmusk_retweet": 1767886728.470032, "1767881441_binancezh_newTweet": 1767886728.470047, "1767881689_cz_binance_quote": 1767886728.470061, "1767881989_elonmusk_quote": 1767886728.470072, "1767882050_elonmusk_retweet": 1767886728.470083, "1767882395_elonmusk_reply": 1767886728.470102, "1767882608_elonmusk_quote": 1767886728.470112, "1767882672_elonmusk_quote": 1767886728.470121, "1767882928_elonmusk_retweet": 1767886728.470131, "1767882984_elonmusk_retweet": 1767886728.47014, "1767883015_realDonaldTrumpTruthSocial_newTweet": 1767886728.470656, "1767883132_elonmusk_reply": 1767886728.4706671, "1767883415_elonmusk_quote": 1767886728.47079, "1767883483_nina_rong_reply": 1767886728.470853, "1767883523_elonmusk_retweet": 1767886728.471362, "1767883539_elonmusk_retweet": 1767886728.471379, "1767883916_elonmusk_retweet": 1767886728.471393, "1767884014_elonmusk_quote": 1767886728.471473, "1767884050_cz_binance_reply": 1767886728.471684, "1767884088_elonmusk_retweet": 1767886728.471699, "1767884092_cz_binance_reply": 1767886728.47238, "1767884149_elonmusk_quote": 1767886728.472398, "1767884247__RichardTeng_newTweet": 1767886728.4724128, "1767884248__RichardTeng_reply": 1767886728.472496, "1767884341_elonmusk_quote": 1767886728.472738, "1767884402_BinanceUkraine_newTweet": 1767886728.4729211, "1767884431_elonmusk_retweet": 1767886728.4729369, "1767884455_elonmusk_retweet": 1767886728.4729521, "1767884498_binance_newTweet": 1767886728.472965, "1767884560_binance_newTweet": 1767886728.4729779, "1767884581_elonmusk_quote": 1767886728.473572,