{"1767784514_binance_newTweet": 1767784515.890518, "1767784735__RichardTeng_newTweet": 1767784737.401247, "1767784736__RichardTeng_reply": 1767784737.4034612, "1767785100_binancezh_newTweet": 1767785101.267562, "1767787052_heyibinance_reply": 1767787076.760271, "1767787200_binance_newTweet": 1767788073.420564, "1767787530_BinanceAfrica_newTweet": 1767788073.423212, "1767788130_heyibinance_retweet": 1767788288.968875, "1767788570_elonmusk_retweet": 1767788572.4634671, "1767788728_elonmusk_retweet": 1767788736.424893, "1767788827_elonmusk_quote": 1767788829.563458, "1767789003_elonmusk_quote": 1767789004.7136981, "1767789092_elonmusk_retweet": 1767789093.3568819, "1767789350_elonmusk_retweet": 1767789350.709687, "1767789371_elonmusk_retweet": 1767789372.869208, "1767789549_elonmusk_retweet": 1767789550.5387678, "1767789632_elonmusk_reply": 1767789634.5963619, "1767789700_elonmusk_retweet": 1767789702.0537531, "1767789739_elonmusk_retweet": 1767789740.286431, "1767790059_elonmusk_reply": 1767790060.3841228, "1767790117_elonmusk_reply": 1767790122.8704371, "1767790402_elonmusk_reply": 1767790404.012416, "1767790452_elonmusk_retweet": 1767790590.659998, "1767790594_elonmusk_reply": 1767790596.706175, "1767790801_BinanceUkraine_newTweet": 1767790802.215533, "1767791080_elonmusk_reply": 1767791083.176403, "1767791240_binancezh_quote": 1767791241.838869, "1767791275_elonmusk_quote": 1767791283.299362, "1767791432_elonmusk_reply": 1767791434.932256, "1767791453_elonmusk_reply": 1767791455.580557, "1767791745_elonmusk_retweet": 1767791747.8896608, "1767791797_saylor_newTweet": 1767791806.846515, "1767791832_toly_follow": 1767791836.066766, "1767791836_elonmusk_quote": 1767791838.0825799, "1767791926_nina_rong_quote": 1767791928.791574, "1767792574_elonmusk_retweet": 1767793056.482996, "1767792913_elonmusk_retweet": 1767793056.485713, "1767793016_elonmusk_reply": 1767793056.486165, "1767793028_elonmusk_retweet": 1767793056.48632, "1767793065_elonmusk_quote": 1767793067.629293, "1767793236_elonmusk_retweet": 1767793461.7948291, "1767793312_elonmusk_retweet": 1767793461.798861, "1767793536_elonmusk_quote": 1767793537.330413, "1767793582_elonmusk_retweet": 1767793583.2048059, "1767793694_elonmusk_retweet": 1767793695.461626, "1767793928_elonmusk_reply": 1767793930.185344, "1767794123_elonmusk_quote": 1767794124.593044, "1767794155_elonmusk_retweet": 1767794156.829222, "1767794223_elonmusk_retweet": 1767794224.7867122, "1767794400_BinanceUkraine_newTweet": 1767794402.092194, "1767794401_Binance_intern_newTweet": 1767794402.100833, "1767794460_binance_newTweet": 1767794461.513525, "1767794486_elonmusk_quote": 1767794488.206192, "1767794572_elonmusk_retweet": 1767794573.2976918, "1767794612_elonmusk_retweet": 1767794614.076096, "1767794640_elonmusk_retweet": 1767794642.7749388, "1767795039_elonmusk_retweet": 1767795041.174437, "1767795386_realDonaldTrumpTruthSocial_newTweet": 1767795394.163934, "1767796035_binance_reply": 1767796046.967798, "1767797130_realDonaldTrumpTruthSocial_newTweet": 1767797834.0714922, "1767800066_brian_armstrong_quote": 1767800068.111209, "1767800976_brian_armstrong_quote": 1767801008.9837382, "1767801600_BinanceUkraine_newTweet": 1767801603.305872, "1767801601_binance_quote": 1767801603.3077812, "1767801995_BinanceAfrica_reply": 1767801997.935261, "1767803463_elonmusk_retweet": 1767803853.150563, "1767803477_BinanceUkraine_newTweet": 1767803853.1539788, "1767803741_elonmusk_reply": 1767803853.154429, "1767803918_elonmusk_retweet": 1767804799.171571, "1767804038_BinanceUS_newTweet": 1767804799.1752079, "1767804039_BinanceUS_reply": 1767804799.17545, "1767804107_elonmusk_reply": 1767804799.185584, "1767804131_elonmusk_retweet": 1767804799.186476, "1767804164_elonmusk_retweet": 1767804799.1865542, "1767804277_elonmusk_quote": 1767804799.1866298, "1767804402_justinsuntron_follow": 1767804799.1879601, "1767804808_elonmusk_quote": 1767804822.9160802, "1767805788_elonmusk_quote": 1767805900.834581, "1767805824_BinanceUS_reply": 1767805900.837424, "1767805878_saylor_newTweet": 1767805900.837816, "1767805900_elonmusk_quote": 1767805907.895294, "1767805944_elonmusk_retweet": 1767806890.441149, "1767805966_elonmusk_retweet": 1767806890.443546, "1767805978_elonmusk_retweet": 1767806890.4437382, "1767806039_elonmusk_quote": 1767806890.444084, "1767806094_elonmusk_quote": 1767806890.445184, "1767806143_elonmusk_reply": 1767806890.446759, "1767806179_elonmusk_quote": 1767806890.447398, "1767806306_elonmusk_newTweet": 1767806890.465556, "1767806358_elonmusk_retweet": 1767806890.466066, "1767806409_elonmusk_quote": 1767806890.467701, "1767806581_elonmusk_quote": 1767806890.4712708, "1767806654_elonmusk_retweet": 1767806890.472403, "1767806662_elonmusk_retweet": 1767806890.472657, "1767806734_elonmusk_retweet": 1767806890.4728022, "1767806871_elonmusk_retweet": 1767806890.4729118, "1767806920_BinanceUS_reply": 1767806936.9710348, "1767806931_elonmusk_retweet": 1767806936.9728372, "1767807002_elonmusk_reply": 1767807016.85091, "1767807038_elonmusk_reply": 1767807040.150453, "1767807084_elonmusk_retweet": 1767807085.640169, "1767807097_elonmusk_reply": 1767807098.789712, "1767807360_elonmusk_retweet": 1767807370.723836, "1767807399_realDonaldTrumpTruthSocial_newTweet": 1767807415.1987479, "1767807496_elonmusk_reply": 1767807498.5192761, "1767807552_elonmusk_retweet": 1767807554.133609, "1767807600_elonmusk_reply": 1767807610.734056, "1767807632_elonmusk_retweet": 1767807634.4994938, "1767807798_elonmusk_newTweet": 1767807801.347074, "1767807899_elonmusk_quote": 1767807909.9772549, "1767807915_realDonaldTrumpTruthSocial_newTweet": 1767807935.2492008, "1767807932_elonmusk_retweet": 1767807935.255745, "1767807979_elonmusk_reply": 1767807985.299317, "1767808169_elonmusk_retweet": 1767808172.292546, "1767808801_binance_newTweet": 1767808802.908712, "1767808801_Binance_intern_newTweet": 1767808802.910923, "1767808894_BinanceAfrica_retweet": 1767808901.9350321, "1767809114_heyibinance_newTweet": 1767809122.2573068, "1767809218_elonmusk_quote": 1767809327.477759, "1767809244_elonmusk_retweet": 1767809327.4796531, "1767811748_heyibinance_retweet": 1767811752.550648, "1767812109_BinanceUS_quote": 1767812111.8179991, "1767812926_realDonaldTrumpTruthSocial_newTweet": 1767812951.781764, "1767813245_brian_armstrong_quote": 1767813249.009644, "1767814883_elonmusk_reply": 1767814887.351559, "1767814948_elonmusk_retweet": 1767814951.530831, "1767815119_elonmusk_retweet": 1767815120.278653, "1767815233_elonmusk_retweet": 1767815234.473823, "1767815287_elonmusk_reply": 1767815289.562467, "1767815353_elonmusk_quote": 1767815354.748149, "1767815535_elonmusk_quote": 1767815559.434096, "1767815747_elonmusk_quote": 1767815753.498178, "1767816040_elonmusk_reply": 1767816049.655345, "1767816052_binance_newTweet": 1767816054.218029, "1767816111_elonmusk_reply": 1767816121.4172978, "1767816672_saylor_retweet": 1767816674.7602718, "1767817713_realDonaldTrumpTruthSocial_newTweet": 1767817715.7644439, "1767819403_brian_armstrong_newTweet": 1767819405.58748, "1767819404_brian_armstrong_reply": 1767819405.5908852, "1767819768_toly_follow": 1767819770.060965, "1767819764_realDonaldTrumpTruthSocial_newTweet": 1767819771.582452, "1767819889_toly_follow": 1767819891.320212, "1767820658_realDonaldTrumpTruthSocial_newTweet": 1767820672.6728709, "1767823200_Binance_intern_newTweet": 1767823214.0888572, "1767823295_binance_retweet": 1767823296.4702752, "1767823466_realDonaldTrumpTruthSocial_newTweet": 1767823504.734575, "1767829759_brian_armstrong_quote": 1767829761.048003, "1767829988_realDonaldTrumpTruthSocial_newTweet": 1767829996.047019, "1767830424_binance_newTweet": 1767830436.751449, "1767830431_BinanceAfrica_newTweet": 1767830436.755397, "1767834030_binancezh_newTweet": 1767834031.624005, "1767837280_brian_armstrong_retweet": 1767837281.7564301, "1767837339_brian_armstrong_retweet": 1767837341.367101, "1767837458_brian_armstrong_quote": 1767837460.72527,