{"1767520869_binance_newTweet": 1767545670.722358, "1767528024_binance_newTweet": 1767545670.7226, "1767534393_saylor_newTweet": 1767545670.7226958, "1767534618_elonmusk_quote": 1767545670.722783, "1767534831_elonmusk_quote": 1767545670.722869, "1767534909_elonmusk_retweet": 1767545670.722941, "1767534941_elonmusk_retweet": 1767545670.723007, "1767534990_elonmusk_quote": 1767545670.72314, "1767535251_elonmusk_quote": 1767545670.7232141, "1767535262_binance_newTweet": 1767545670.723285, "1767535301_elonmusk_quote": 1767545670.72932, "1767535493_elonmusk_quote": 1767545670.729375, "1767535633_elonmusk_reply": 1767545670.729419, "1767535741_elonmusk_retweet": 1767545670.729548, "1767535756_elonmusk_retweet": 1767545670.729586, "1767536148_toly_follow": 1767545670.729627, "1767536271_elonmusk_quote": 1767545670.729677, "1767536719_elonmusk_quote": 1767545670.729719, "1767536902_elonmusk_retweet": 1767545670.729755, "1767536927_elonmusk_retweet": 1767545670.729816, "1767536967_elonmusk_retweet": 1767545670.731767, "1767537036_elonmusk_retweet": 1767545670.7318342, "1767537084_elonmusk_retweet": 1767545670.7318861, "1767538791_binance_newTweet": 1767545670.734506, "1767538834_elonmusk_retweet": 1767545670.73456, "1767538904_elonmusk_reply": 1767545670.7345998, "1767539035_elonmusk_reply": 1767545670.734633, "1767539283_elonmusk_reply": 1767545670.734665, "1767539305_elonmusk_quote": 1767545670.734717, "1767539384_elonmusk_reply": 1767545670.7347908, "1767539475_elonmusk_retweet": 1767545670.7364118, "1767539596_elonmusk_newTweet": 1767545670.736446, "1767539608_elonmusk_retweet": 1767545670.736497, "1767539858_elonmusk_newTweet": 1767545670.736534, "1767539992_elonmusk_quote": 1767545670.7365608, "1767540172_elonmusk_quote": 1767545670.736588, "1767541366_heyibinance_quote": 1767545670.736616, "1767541789_cz_binance_reply": 1767545670.7366579, "1767542441_binance_newTweet": 1767545670.736683, "1767542630_elonmusk_quote": 1767545670.736872, "1767542759_elonmusk_quote": 1767545670.738326, "1767542970_elonmusk_retweet": 1767545670.7385201, "1767543060_elonmusk_retweet": 1767545670.738741, "1767543082_elonmusk_retweet": 1767545670.738903, "1767543144_elonmusk_retweet": 1767545670.739155, "1767543157_elonmusk_retweet": 1767545670.739291, "1767543176_elonmusk_retweet": 1767545670.739456, "1767543243_elonmusk_reply": 1767545670.739617, "1767543281_elonmusk_retweet": 1767545670.739908, "1767543392_elonmusk_quote": 1767545670.740041, "1767545683_toly_follow": 1767545685.327856, "1767545702_test_user_newTweet": 1767545702.960248}