{"1767803463_elonmusk_retweet": 1767803853.150563, "1767803477_BinanceUkraine_newTweet": 1767803853.1539788, "1767803741_elonmusk_reply": 1767803853.154429, "1767803918_elonmusk_retweet": 1767804799.171571, "1767804038_BinanceUS_newTweet": 1767804799.1752079, "1767804039_BinanceUS_reply": 1767804799.17545, "1767804107_elonmusk_reply": 1767804799.185584, "1767804131_elonmusk_retweet": 1767804799.186476, "1767804164_elonmusk_retweet": 1767804799.1865542, "1767804277_elonmusk_quote": 1767804799.1866298, "1767804402_justinsuntron_follow": 1767804799.1879601, "1767804808_elonmusk_quote": 1767804822.9160802, "1767805788_elonmusk_quote": 1767805900.834581, "1767805824_BinanceUS_reply": 1767805900.837424, "1767805878_saylor_newTweet": 1767805900.837816, "1767805900_elonmusk_quote": 1767805907.895294, "1767805944_elonmusk_retweet": 1767806890.441149, "1767805966_elonmusk_retweet": 1767806890.443546, "1767805978_elonmusk_retweet": 1767806890.4437382, "1767806039_elonmusk_quote": 1767806890.444084, "1767806094_elonmusk_quote": 1767806890.445184, "1767806143_elonmusk_reply": 1767806890.446759, "1767806179_elonmusk_quote": 1767806890.447398, "1767806306_elonmusk_newTweet": 1767806890.465556, "1767806358_elonmusk_retweet": 1767806890.466066, "1767806409_elonmusk_quote": 1767806890.467701, "1767806581_elonmusk_quote": 1767806890.4712708, "1767806654_elonmusk_retweet": 1767806890.472403, "1767806662_elonmusk_retweet": 1767806890.472657, "1767806734_elonmusk_retweet": 1767806890.4728022, "1767806871_elonmusk_retweet": 1767806890.4729118, "1767806920_BinanceUS_reply": 1767806936.9710348, "1767806931_elonmusk_retweet": 1767806936.9728372, "1767807002_elonmusk_reply": 1767807016.85091, "1767807038_elonmusk_reply": 1767807040.150453, "1767807084_elonmusk_retweet": 1767807085.640169, "1767807097_elonmusk_reply": 1767807098.789712, "1767807360_elonmusk_retweet": 1767807370.723836, "1767807399_realDonaldTrumpTruthSocial_newTweet": 1767807415.1987479, "1767807496_elonmusk_reply": 1767807498.5192761, "1767807552_elonmusk_retweet": 1767807554.133609, "1767807600_elonmusk_reply": 1767807610.734056, "1767807632_elonmusk_retweet": 1767807634.4994938, "1767807798_elonmusk_newTweet": 1767807801.347074, "1767807899_elonmusk_quote": 1767807909.9772549, "1767807915_realDonaldTrumpTruthSocial_newTweet": 1767807935.2492008, "1767807932_elonmusk_retweet": 1767807935.255745, "1767807979_elonmusk_reply": 1767807985.299317, "1767808169_elonmusk_retweet": 1767808172.292546, "1767808801_binance_newTweet": 1767808802.908712, "1767808801_Binance_intern_newTweet": 1767808802.910923, "1767808894_BinanceAfrica_retweet": 1767808901.9350321, "1767809114_heyibinance_newTweet": 1767809122.2573068, "1767809218_elonmusk_quote": 1767809327.477759, "1767809244_elonmusk_retweet": 1767809327.4796531, "1767811748_heyibinance_retweet": 1767811752.550648, "1767812109_BinanceUS_quote": 1767812111.8179991, "1767812926_realDonaldTrumpTruthSocial_newTweet": 1767812951.781764, "1767813245_brian_armstrong_quote": 1767813249.009644, "1767814883_elonmusk_reply": 1767814887.351559, "1767814948_elonmusk_retweet": 1767814951.530831, "1767815119_elonmusk_retweet": 1767815120.278653, "1767815233_elonmusk_retweet": 1767815234.473823, "1767815287_elonmusk_reply": 1767815289.562467, "1767815353_elonmusk_quote": 1767815354.748149, "1767815535_elonmusk_quote": 1767815559.434096, "1767815747_elonmusk_quote": 1767815753.498178, "1767816040_elonmusk_reply": 1767816049.655345, "1767816052_binance_newTweet": 1767816054.218029, "1767816111_elonmusk_reply": 1767816121.4172978, "1767816672_saylor_retweet": 1767816674.7602718, "1767817713_realDonaldTrumpTruthSocial_newTweet": 1767817715.7644439, "1767819403_brian_armstrong_newTweet": 1767819405.58748, "1767819404_brian_armstrong_reply": 1767819405.5908852, "1767819768_toly_follow": 1767819770.060965, "1767819764_realDonaldTrumpTruthSocial_newTweet": 1767819771.582452, "1767819889_toly_follow": 1767819891.320212, "1767820658_realDonaldTrumpTruthSocial_newTweet": 1767820672.6728709, "1767823200_Binance_intern_newTweet": 1767823214.0888572, "1767823295_binance_retweet": 1767823296.4702752, "1767823466_realDonaldTrumpTruthSocial_newTweet": 1767823504.734575, "1767829759_brian_armstrong_quote": 1767829761.048003, "1767829988_realDonaldTrumpTruthSocial_newTweet": 1767829996.047019, "1767830424_binance_newTweet": 1767830436.751449, "1767830431_BinanceAfrica_newTweet": 1767830436.755397, "1767834030_binancezh_newTweet": 1767834031.624005, "1767837280_brian_armstrong_retweet": 1767837281.7564301, "1767837339_brian_armstrong_retweet": 1767837341.367101, "1767837458_brian_armstrong_quote": 1767837460.72527, "1767837600_Binance_intern_newTweet": 1767837615.7822962, "1767837651_binance_newTweet": 1767837658.721643, "1767837889_brian_armstrong_quote": 1767837891.329665, "1767838098_nina_rong_reply": 1767838113.2584362, "1767838181_brian_armstrong_retweet": 1767838193.074889, "1767838534_nina_rong_reply": 1767838537.137661, "1767838539_brian_armstrong_quote": 1767838541.683985, "1767839392_elonmusk_reply": 1767839396.560674, "1767839988_saylor_follow": 1767839989.8733308, "1767841356_binancezh_retweet": 1767841892.81808, "1767841409_Binance_intern_reply": 1767841892.821732, "1767841442_saylor_retweet": 1767841892.8218381, "1767841686_saylor_newTweet": 1767841892.822159, "1767843832_elonmusk_retweet": 1767844768.7780852, "1767844800_BinanceAfrica_newTweet": 1767844803.169086, "1767844862_binance_newTweet": 1767845778.847517, "1767845133_realDonaldTrumpTruthSocial_newTweet": 1767845778.851478, "1767845635_toly_follow": 1767845778.8553321, "1767849370_brian_armstrong_quote": 1767849442.3823428, "1767849471_elonmusk_reply": 1767850395.6954181, "1767850007_binancezh_follow": 1767850395.697477, "1767850492_brian_armstrong_quote": 1767851506.3771899, "1767850854_binancezh_newTweet": 1767851506.3822038, "1767851190_elonmusk_retweet": 1767851506.382468, "1767852001_Binance_intern_newTweet": 1767852487.3552861, "1767852028_binance_newTweet": 1767852487.358069, "1767852700_nina_rong_retweet": 1767853121.541156, "1767853879_elonmusk_retweet": 1767854220.9313421, "1767854128_elonmusk_reply": 1767854220.935358, "1767854317_elonmusk_reply": 1767855189.8753989, "1767854535_elonmusk_retweet": 1767855189.877857, "1767854775_VitalikButerin_newTweet": 1767855189.879503, "1767854783_elonmusk_reply": 1767855189.8807092, "1767855605_elonmusk_retweet": 1767855885.163359, "1767855635_VitalikButerin_newTweet": 1767855885.167265, "1767855887_elonmusk_reply": 1767855903.289442, "1767855973_binancezh_newTweet": 1767855979.29266, "1767856003_elonmusk_reply": 1767856008.486656, "1767856209_elonmusk_reply": 1767856211.850486, "1767856270_elonmusk_reply": 1767856288.531092, "1767856417_elonmusk_reply": 1767856430.116538, "1767856532_elonmusk_reply": 1767856651.075308, "1767856662_elonmusk_reply": 1767856673.703679, "1767856895_elonmusk_retweet": 1767856896.686541, "1767857188_VitalikButerin_reply": 1767857190.593817, "1767857311_elonmusk_reply": 1767857312.8735108, "1767857364_elonmusk_retweet": 1767857366.69789, "1767857445_elonmusk_reply": 1767857447.740549, "1767857583_elonmusk_retweet": 1767858064.1526022, "1767857623_elonmusk_reply": 1767858310.578295, "1767857776_elonmusk_quote": 1767858310.5789042, "1767857797_elonmusk_retweet": 1767858310.5792189, "1767857828_elonmusk_retweet": 1767858310.5794969, "1767858084_VitalikButerin_reply": 1767858310.580429, "1767858247_elonmusk_reply": 1767858310.581275, "1767858309_Binance_intern_reply": 1767858310.583103, "1767858362_test_user_newTweet": 1767858362.926707, "1767858376_elonmusk_retweet": 1767858378.009286, "1767858384_Binance_intern_reply": 1767858386.56436, "1767858444_Binance_intern_reply": 1767858445.961498, "1767858480_elonmusk_reply": 1767858482.205208, "1767858616_elonmusk_reply": 1767858618.177407, "1767858663_elonmusk_retweet": 1767858665.513383, "1767858736_elonmusk_quote": 1767858739.029124, "1767858779_test_user_newTweet": 1767858780.324777,