{"1767342708_test_user_newTweet": 1767342927.0096729, "1767342955_test_user_newTweet": 1767342955.729931, "1767343124_test_user_newTweet": 1767343124.4409, "1767343243_test_user_newTweet": 1767343243.747387, "1767343442_test_user_newTweet": 1767343443.300182, "1767343548_test_user_newTweet": 1767343549.080401, "1767343592_test_user_newTweet": 1767343592.8835468, "1767343637_test_user_newTweet": 1767343638.2368152, "1767343728_test_user_newTweet": 1767343728.4939609, "1767343775_test_user_newTweet": 1767343775.866708, "1767343810_test_user_newTweet": 1767343810.622845, "1767344100_test_user_newTweet": 1767344101.422732, "1767344821_test_user_newTweet": 1767344821.318996, "1767344844_test_user_newTweet": 1767344844.487322, "1767344863_test_user_newTweet": 1767344863.126781, "1767344888_test_user_newTweet": 1767344889.333696, "1767344909_test_user_newTweet": 1767344909.968431, "1767345111_test_user_newTweet": 1767345111.448725, "1767345193_test_user_newTweet": 1767345193.5175302, "1767345289_test_user_newTweet": 1767345289.648729, "1767345475_test_user_newTweet": 1767345475.361481, "1767345579_test_user_newTweet": 1767345579.657932, "1767345616_test_user_newTweet": 1767345668.0916438, "1767345685_test_user_newTweet": 1767345685.2083719, "1767345760_test_user_newTweet": 1767345760.669685, "1767346082_test_user_newTweet": 1767346082.495487, "1767348001_binance_newTweet": 1767349005.381817, "1767349040_test_user_newTweet": 1767349040.608594, "1767349172_test_user_newTweet": 1767349173.070508, "1767349850_test_user_newTweet": 1767349850.231296, "1767350182_test_user_newTweet": 1767350182.778281, "1767350372_test_user_newTweet": 1767350372.621189, "1767351235_test_user_newTweet": 1767351236.030841, "1767352109_binance_newTweet": 1767352111.468877, "1767353700_binance_reply": 1767354518.31953, "1767354615_test_user_newTweet": 1767354615.49363, "1767354769_brian_armstrong_reply": 1767354772.0193448, "1767355012_realDonaldTrumpTruthSocial_newTweet": 1767355031.838311, "1767355324_test_user_newTweet": 1767355324.51841, "1767355558_binance_newTweet": 1767364272.8250399, "1767358986_elonmusk_retweet": 1767364272.8251488, "1767359059_elonmusk_retweet": 1767364272.8252192, "1767359120_elonmusk_quote": 1767364272.825282, "1767359144_elonmusk_retweet": 1767364272.825325, "1767359180_elonmusk_quote": 1767364272.8253691, "1767359227_elonmusk_quote": 1767364272.825414, "1767360249_realDonaldTrumpTruthSocial_newTweet": 1767364272.8254552, "1767361800_realDonaldTrumpTruthSocial_newTweet": 1767364272.825511, "1767362045_elonmusk_retweet": 1767364274.303769, "1767362110_elonmusk_quote": 1767364275.826792, "1767362141_elonmusk_retweet": 1767364277.208763, "1767362160_elonmusk_retweet": 1767364281.288306, "1767362361_saylor_newTweet": 1767364283.80928, "1767362410_binance_newTweet": 1767364285.62506, "1767363215_binance_reply": 1767364287.8674932, "1767363228_binance_reply": 1767364289.3697789, "1767363245_binance_reply": 1767364290.4876218, "1767363316_realDonaldTrumpTruthSocial_newTweet": 1767364291.823308, "1767363389_realDonaldTrumpTruthSocial_newTweet": 1767364293.420834, "1767363465_realDonaldTrumpTruthSocial_newTweet": 1767364294.530565, "1767363584_realDonaldTrumpTruthSocial_newTweet": 1767364295.774951, "1767363756_realDonaldTrumpTruthSocial_newTweet": 1767364297.452298, "1767364377_test_user_newTweet": 1767364377.566262, "1767364587_toly_follow": 1767364588.206808, "1767364966_test_user_newTweet": 1767364967.134398, "1767366605_test_user_newTweet": 1767366605.3733382, "1767369754_binance_newTweet": 1767372437.597857, "1767369755_binance_reply": 1767372437.599261, "1767369756_binance_reply": 1767372437.599838, "1767369757_binance_reply": 1767372437.602921, "1767371118_elonmusk_quote": 1767372437.604404, "1767371135_elonmusk_retweet": 1767372437.60569, "1767371146_elonmusk_retweet": 1767372437.606384, "1767371170_elonmusk_quote": 1767372437.607497, "1767371190_elonmusk_quote": 1767372437.612415, "1767371214_elonmusk_retweet": 1767372437.6171231, "1767371261_elonmusk_quote": 1767372437.6208231, "1767371374_elonmusk_quote": 1767372437.6211672, "1767371386_elonmusk_retweet": 1767372437.6212459, "1767371394_elonmusk_retweet": 1767372437.6213288, "1767371417_elonmusk_quote": 1767372437.621506, "1767371909_elonmusk_quote": 1767372437.6215491, "1767371931_elonmusk_quote": 1767372437.621584, "1767372019_elonmusk_quote": 1767372437.621651, "1767372059_elonmusk_quote": 1767372437.6217651, "1767372106_elonmusk_quote": 1767372437.623067, "1767372244_elonmusk_quote": 1767372437.623157, "1767372264_elonmusk_quote": 1767372437.623306, "1767372280_elonmusk_quote": 1767372437.623393, "1767372310_elonmusk_retweet": 1767372437.6234539, "1767372345_elonmusk_reply": 1767372437.6234891, "1767372356_elonmusk_retweet": 1767372437.623521, "1767372470_elonmusk_reply": 1767372471.318581, "1767372496_elonmusk_quote": 1767372498.460025, "1767372541_elonmusk_reply": 1767372542.2875981, "1767372843_elonmusk_quote": 1767372845.516088, "1767372902_elonmusk_reply": 1767372903.960043, "1767373567_elonmusk_retweet": 1767373568.992863, "1767373664_elonmusk_retweet": 1767373666.228149, "1767373726_elonmusk_quote": 1767373727.187948, "1767412697_elonmusk_quote": 1767428535.333313, "1767412852_binance_newTweet": 1767428535.333457, "1767413091_elonmusk_reply": 1767428535.33355, "1767413135_elonmusk_quote": 1767428535.3336372, "1767413731_elonmusk_retweet": 1767428535.334528, "1767413739_elonmusk_retweet": 1767428535.33461, "1767417003_elonmusk_reply": 1767428535.334678, "1767417028_elonmusk_reply": 1767428535.334899, "1767417047_elonmusk_reply": 1767428535.334972, "1767417218_elonmusk_reply": 1767428535.3350341, "1767417984_elonmusk_retweet": 1767428535.335095, "1767418002_elonmusk_reply": 1767428535.3351529, "1767418050_elonmusk_reply": 1767428535.3355782, "1767418063_elonmusk_retweet": 1767428535.335766, "1767418078_elonmusk_reply": 1767428535.335977, "1767418101_elonmusk_retweet": 1767428535.336072, "1767418104_elonmusk_reply": 1767428535.336169, "1767418119_elonmusk_reply": 1767428535.336254, "1767418169_elonmusk_reply": 1767428535.3363142, "1767418223_elonmusk_reply": 1767428535.3363688, "1767418330_elonmusk_reply": 1767428535.336422, "1767418443_elonmusk_reply": 1767428535.3364758, "1767418622_elonmusk_quote": 1767428535.3365471, "1767419385_elonmusk_quote": 1767428535.336606, "1767420033_binance_newTweet": 1767428535.336661, "1767421013_elonmusk_retweet": 1767428535.3367639, "1767421025_elonmusk_reply": 1767428535.3368251, "1767421036_elonmusk_reply": 1767428535.336876, "1767421059_elonmusk_retweet": 1767428535.336929, "1767422116_elonmusk_quote": 1767428535.336982, "1767422289_elonmusk_retweet": 1767428535.337054, "1767422339_elonmusk_retweet": 1767428535.337116, "1767422788_elonmusk_retweet": 1767428535.33717, "1767422833_elonmusk_quote": 1767428535.337224, "1767422858_elonmusk_reply": 1767428535.337279, "1767422927_elonmusk_reply": 1767428535.3373718, "1767422960_elonmusk_quote": 1767428535.337652, "1767423132_elonmusk_quote": 1767428535.33776, "1767423297_elonmusk_quote": 1767428535.337837, "1767423351_elonmusk_retweet": 1767428535.33791, "1767423615_elonmusk_retweet": 1767428535.337975, "1767423639_elonmusk_reply": 1767428535.3380349, "1767423785_elonmusk_retweet": 1767428535.338093, "1767424060_elonmusk_retweet": 1767428535.338155, "1767424212_elonmusk_retweet": 1767428535.338219, "1767424315_elonmusk_reply": 1767428535.33828, "1767425173_elonmusk_retweet": 1767428535.3383381, "1767425341_elonmusk_quote": 1767428535.338917, "1767426253_brian_armstrong_reply": 1767428535.339336, "1767427200_binance_newTweet": 1767428535.340422, "1767428627_test_user_newTweet": 1767428627.53874, "1767429242_test_user_newTweet": 1767429243.114845, "1767429328_test_user_newTweet": 1767429328.76735, "1767432079_realDonaldTrumpTruthSocial_newTweet": 1767432091.440584}