{"1767692331_cz_binance_follow": 1767695594.4894688, "1767692420_cz_binance_reply": 1767695594.489939, "1767695661_binance_newTweet": 1767695661.989096, "1767764542_Binance_News_square_newTweet": 1767772244.315673, "1767764635_Binance_News_square_newTweet": 1767772244.315712, "1767764662_Binance_News_square_newTweet": 1767772244.315732, "1767764667_Binance_News_square_newTweet": 1767772244.3157609, "1767764673_Binance_News_square_newTweet": 1767772244.315784, "1767764678_Binance_News_square_newTweet": 1767772244.315816, "1767764828_Binance_News_square_newTweet": 1767772244.315834, "1767765227_Binance_News_square_newTweet": 1767772244.315856, "1767765232_Binance_News_square_newTweet": 1767772244.31587, "1767765656_binance_newTweet": 1767772244.315884, "1767765823_Binance_News_square_newTweet": 1767772244.318476, "1767765922_Binance_News_square_newTweet": 1767772244.318496, "1767766044_elonmusk_retweet": 1767772244.318536, "1767766147_elonmusk_reply": 1767772244.318618, "1767766276_Binance_News_square_newTweet": 1767772244.318652, "1767766293_Binance_News_square_newTweet": 1767772244.318671, "1767766302_Binance_News_square_newTweet": 1767772244.318688, "1767766321_Binance_News_square_newTweet": 1767772244.3187041, "1767766428_Binance_News_square_newTweet": 1767772244.318721, "1767766929_elonmusk_retweet": 1767772244.3187358, "1767767025_Binance_News_square_newTweet": 1767772244.321148, "1767767041_elonmusk_quote": 1767772244.3220081, "1767767152_elonmusk_retweet": 1767772244.3220649, "1767767341_elonmusk_quote": 1767772244.322149, "1767767515_elonmusk_follow": 1767772244.3223839, "1767767852_elonmusk_retweet": 1767772244.3224478, "1767767866_elonmusk_quote": 1767772244.3224761, "1767767891_Binance_News_square_newTweet": 1767772244.3225532, "1767767896_Binance_News_square_newTweet": 1767772244.322641, "1767767922_Binance_News_square_newTweet": 1767772244.322708, "1767767969_elonmusk_quote": 1767772244.326903, "1767768014_elonmusk_retweet": 1767772244.328065, "1767768172_elonmusk_retweet": 1767772244.328098, "1767768294_elonmusk_retweet": 1767772244.328129, "1767768820_Binance_News_square_newTweet": 1767772244.3281548, "1767769430_Binance_News_square_newTweet": 1767772244.328455, "1767769436_Binance_News_square_newTweet": 1767772244.328647, "1767769482_elonmusk_reply": 1767772244.3289049, "1767769708_Binance_News_square_quote": 1767772244.3291671, "1767769736_elonmusk_quote": 1767772244.3302112, "1767769767_Binance_News_square_newTweet": 1767772244.334081, "1767769971_Binance_News_square_newTweet": 1767772244.334798, "1767770630_Binance_News_square_newTweet": 1767772244.335953, "1767771223_Binance_News_square_newTweet": 1767772244.336072, "1767771406_Binance_News_square_newTweet": 1767772244.3386319, "1767771821_Binance_News_square_newTweet": 1767772244.3406332, "1767771826_Binance_News_square_newTweet": 1767772244.340707, "1767772433_Binance_News_square_newTweet": 1767772434.6434371, "1767772479_test_user_newTweet": 1767772479.461499, "1767772525__RichardTeng_quote": 1767772526.247759, "1767739590_elonmusk_quote": 1767772755.73757, "1767739835_elonmusk_quote": 1767772755.740424, "1767740016_saylor_quote": 1767772755.7405329, "1767740147_elonmusk_quote": 1767772755.740608, "1767740553_elonmusk_retweet": 1767772755.740679, "1767740624_elonmusk_retweet": 1767772755.740742, "1767740748_elonmusk_reply": 1767772755.7408042, "1767741404_elonmusk_reply": 1767772755.740878, "1767743191_realDonaldTrumpTruthSocial_newTweet": 1767772755.740947, "1767744012_binance_newTweet": 1767772755.741014, "1767744350_elonmusk_reply": 1767772755.7450938, "1767749143_brian_armstrong_reply": 1767772755.745197, "1767749875_elonmusk_retweet": 1767772755.745261, "1767751242_binance_newTweet": 1767772755.7453198, "1767751767_cz_binance_reply": 1767772755.745394, "1767751938_brian_armstrong_quote": 1767772755.7454562, "1767752338_cz_binance_reply": 1767772755.7455108, "1767752426_cz_binance_reply": 1767772755.7455559, "1767753494_elonmusk_reply": 1767772755.745601, "1767753601_elonmusk_quote": 1767772755.745733, "1767753990_elonmusk_reply": 1767772755.747831, "1767755486_brian_armstrong_reply": 1767772755.7478862, "1767757755_nina_rong_reply": 1767772755.747935, "1767758126_nina_rong_reply": 1767772755.747989, "1767758260_cz_binance_quote": 1767772755.7480478, "1767758461_binance_newTweet": 1767772755.748102, "1767758711_toly_follow": 1767772755.74814, "1767758806_cz_binance_reply": 1767772755.748186, "1767760787_nina_rong_quote": 1767772755.748244, "1767760920_cz_binance_reply": 1767772755.74836, "1767761545_brian_armstrong_newTweet": 1767772755.749977, "1767762505_justinsuntron_quote": 1767772755.7500422, "1767764099_nina_rong_follow": 1767772755.750083, "1767747601_binancezh_newTweet": 1767772788.461081, "1767758419_binancezh_newTweet": 1767772788.462316, "1767767812_binancezh_reply": 1767772788.462399, "1767767897_binancezh_newTweet": 1767772788.462453, "1767772538_binancezh_newTweet": 1767772788.462512, "1767751201_Binance_intern_newTweet": 1767772818.6679192, "1767758476_Binance_intern_reply": 1767772818.67017, "1767758532_Binance_intern_reply": 1767772818.67571, "1767758557_Binance_intern_reply": 1767772818.675765, "1767765600_Binance_intern_newTweet": 1767772818.6758049, "1767758401_BinanceAfrica_newTweet": 1767772846.871059, "1767771969_BinanceAfrica_newTweet": 1767772846.873558, "1767772914_binance_newTweet": 1767772915.3349519, "1767773391_BinanceAfrica_newTweet": 1767774063.677266, "1767774223_test_user_newTweet": 1767774223.754926, "1767775805_BinanceUkraine_newTweet": 1767775807.1242461, "1767776106_test_user_newTweet": 1767776106.872229, "1767776530_test_user_newTweet": 1767776530.5972328, "1767776648_test_user_newTweet": 1767776648.867203, "1767777241_binancezh_newTweet": 1767777242.703521, "1767777242_binancezh_reply": 1767777312.85089, "1767777435_test_user_newTweet": 1767777435.66022, "1767774514_BNBCHAINZH_quote": 1767777731.013716, "1767774523_BNBCHAINZH_retweet": 1767777731.017299, "1767777335_BNBCHAINZH_retweet": 1767777731.018353, "1767778271_nina_rong_reply": 1767778273.111255, "1767779730_binance_reply": 1767780152.528351, "1767779769_brian_armstrong_quote": 1767780152.5314612, "1767779917_binance_reply": 1767780152.531782, "1767780001_Binance_intern_newTweet": 1767780152.531959, "1767780133_binancezh_newTweet": 1767780152.532789, "1767780243_binance_newTweet": 1767780244.678845, "1767781849_test_user_newTweet": 1767781849.7271411, "1767781957_test_user_newTweet": 1767781958.390539, "1767782299_test_user_newTweet": 1767782299.094243, "1767782487_test_user_newTweet": 1767782487.346059, "1767783160_binancezh_newTweet": 1767783177.945508, "1767783207_BinanceUkraine_newTweet": 1767783210.18562, "1767783461_BNBCHAINZH_newTweet": 1767783462.940925, "1767783649_BinanceUkraine_newTweet": 1767783651.6844459, "1767784065_Binance_intern_reply": 1767784066.43881, "1767784514_binance_newTweet": 1767784515.890518, "1767784735__RichardTeng_newTweet": 1767784737.401247, "1767784736__RichardTeng_reply": 1767784737.4034612, "1767785100_binancezh_newTweet": 1767785101.267562}