{"1767232910_elonmusk_quote": 1767334998.128452, "1767232932_elonmusk_newTweet": 1767334998.1284852, "1767232996_elonmusk_reply": 1767334998.128514, "1767233067_elonmusk_quote": 1767334998.128523, "1767233197_elonmusk_reply": 1767334998.1285372, "1767233257_elonmusk_reply": 1767334998.128547, "1767233480_elonmusk_reply": 1767334998.128555, "1767233489_elonmusk_reply": 1767334998.128562, "1767233520_elonmusk_quote": 1767334998.128598, "1767233604_elonmusk_reply": 1767334998.128643, "1767233711_elonmusk_reply": 1767334998.1286662, "1767233739_elonmusk_retweet": 1767334998.128674, "1767233852_elonmusk_reply": 1767334998.128682, "1767233870_elonmusk_reply": 1767334998.128693, "1767233943_brian_armstrong_reply": 1767334998.1287072, "1767234064_brian_armstrong_reply": 1767334998.128748, "1767234139_brian_armstrong_quote": 1767334998.1287649, "1767234548_brian_armstrong_reply": 1767334998.128778, "1767235176_brian_armstrong_reply": 1767334998.128789, "1767235263_brian_armstrong_reply": 1767334998.128799, "1767240052_binance_newTweet": 1767334998.128809, "1767244392_elonmusk_reply": 1767334998.128819, "1767244401_elonmusk_reply": 1767334998.12883, "1767244433_elonmusk_retweet": 1767334998.128839, "1767244453_elonmusk_reply": 1767334998.1288478, "1767244523_elonmusk_retweet": 1767334998.128855, "1767244557_elonmusk_reply": 1767334998.1288629, "1767246376_heyibinance_newTweet": 1767334998.128881, "1767247205_binance_newTweet": 1767334998.1288881, "1767247682_heyibinance_bio": 1767334998.128896, "1767247744_heyibinance_bio": 1767334998.128903, "1767247766_heyibinance_bio": 1767334998.12891, "1767253765_brian_armstrong_reply": 1767334998.128918, "1767253934_brian_armstrong_reply": 1767334998.128928, "1767254466_binance_newTweet": 1767334998.128937, "1767256051_elonmusk_reply": 1767334998.1289458, "1767256183_elonmusk_reply": 1767334998.128955, "1767256271_elonmusk_reply": 1767334998.128973, "1767256462_elonmusk_newTweet": 1767334998.1289809, "1767256680_elonmusk_reply": 1767334998.1289878, "1767256712_elonmusk_reply": 1767334998.128997, "1767261444_brian_armstrong_quote": 1767334998.129008, "1767261617_binance_newTweet": 1767334998.129017, "1767261617_binance_reply": 1767334998.129026, "1767261618_binance_reply": 1767334998.1290329, "1767261785_cz_binance_follow": 1767334998.1290398, "1767268949_binance_newTweet": 1767334998.129048, "1767273124_justinsuntron_quote": 1767334998.129056, "1767276195_binance_newTweet": 1767334998.1290739, "1767278516_VitalikButerin_newTweet": 1767334998.129083, "1767280938_saylor_newTweet": 1767334998.129094, "1767283300_binance_newTweet": 1767334998.1291032, "1767290481_binance_newTweet": 1767334998.12911, "1767294144_elonmusk_retweet": 1767334998.129117, "1767294154_elonmusk_retweet": 1767334998.1291242, "1767294184_elonmusk_retweet": 1767334998.129131, "1767294232_elonmusk_reply": 1767334998.129138, "1767294292_elonmusk_retweet": 1767334998.129144, "1767294470_elonmusk_retweet": 1767334998.1291509, "1767295849_saylor_retweet": 1767334998.129157, "1767297637_binance_newTweet": 1767334998.1291661, "1767300349_brian_armstrong_newTweet": 1767334998.1291761, "1767300832_elonmusk_retweet": 1767334998.129183, "1767300842_elonmusk_retweet": 1767334998.12919, "1767300846_elonmusk_reply": 1767334998.129196, "1767300881_elonmusk_quote": 1767334998.1292028, "1767300970_elonmusk_retweet": 1767334998.12921, "1767300985_elonmusk_retweet": 1767334998.129216, "1767301012_elonmusk_reply": 1767334998.1292238, "1767301031_elonmusk_retweet": 1767334998.12923, "1767301045_elonmusk_retweet": 1767334998.129237, "1767301063_elonmusk_retweet": 1767334998.129243, "1767301079_elonmusk_quote": 1767334998.1292522, "1767301122_elonmusk_reply": 1767334998.129259, "1767301136_elonmusk_quote": 1767334998.1292648, "1767301221_elonmusk_quote": 1767334998.1292732, "1767301315_elonmusk_quote": 1767334998.12928, "1767301318_realDonaldTrumpTruthSocial_newTweet": 1767334998.129292, "1767301349_elonmusk_reply": 1767334998.129299, "1767301355_elonmusk_retweet": 1767334998.129313, "1767301364_realDonaldTrumpTruthSocial_newTweet": 1767334998.1293252, "1767301374_elonmusk_quote": 1767334998.129336, "1767301386_elonmusk_reply": 1767334998.129345, "1767301525_elonmusk_quote": 1767334998.129354, "1767301565_elonmusk_retweet": 1767334998.1293771, "1767301805_elonmusk_quote": 1767334998.129387, "1767301900_elonmusk_quote": 1767334998.129396, "1767301925_elonmusk_retweet": 1767334998.1294029, "1767301941_elonmusk_quote": 1767334998.129411, "1767302630_elonmusk_reply": 1767334998.129419, "1767304227_toly_follow": 1767334998.129427, "1767304822_binance_newTweet": 1767334998.129448, "1767306596_brian_armstrong_follow": 1767334998.129456, "1767306720_brian_armstrong_newTweet": 1767334998.129465, "1767306798_brian_armstrong_reply": 1767334998.129473, "1767306871_brian_armstrong_reply": 1767334998.129483, "1767308442_elonmusk_retweet": 1767334998.1294909, "1767308473_elonmusk_quote": 1767334998.1295202, "1767308574_elonmusk_reply": 1767334998.129539, "1767308603_elonmusk_retweet": 1767334998.12955, "1767308745_elonmusk_reply": 1767334998.129559, "1767308808_elonmusk_quote": 1767334998.129568, "1767308834_elonmusk_quote": 1767334998.12958, "1767308902_elonmusk_reply": 1767334998.1296918, "1767308944_elonmusk_reply": 1767334998.129736, "1767309385_elonmusk_quote": 1767334998.1297631, "1767309453_elonmusk_quote": 1767334998.129782, "1767309503_elonmusk_reply": 1767334998.1298869, "1767309607_elonmusk_retweet": 1767334998.1299798, "1767309640_elonmusk_quote": 1767334998.130034, "1767309827_elonmusk_quote": 1767334998.130059, "1767309854_elonmusk_retweet": 1767334998.130076, "1767309901_elonmusk_quote": 1767334998.130095, "1767309930_elonmusk_reply": 1767334998.1301591, "1767312022_binance_newTweet": 1767334998.1301792, "1767313081_saylor_retweet": 1767334998.1301959, "1767315063_brian_armstrong_reply": 1767334998.130216, "1767315539_saylor_newTweet": 1767334998.130234, "1767315675_brian_armstrong_reply": 1767334998.1302552, "1767315728_brian_armstrong_reply": 1767334998.1350121, "1767316993_brian_armstrong_reply": 1767334998.1355362, "1767317431_realDonaldTrumpTruthSocial_newTweet": 1767334998.13556, "1767319251_binance_newTweet": 1767334998.135574, "1767320818_realDonaldTrumpTruthSocial_newTweet": 1767334998.135819, "1767326440_binance_newTweet": 1767334998.135832, "1767330639_elonmusk_retweet": 1767334998.135842, "1767330705_elonmusk_reply": 1767334998.135859, "1767330720_elonmusk_retweet": 1767334998.135912, "1767330733_elonmusk_retweet": 1767334998.135962, "1767330744_elonmusk_retweet": 1767334998.136001, "1767330786_elonmusk_retweet": 1767334998.1360152, "1767330883_elonmusk_retweet": 1767334998.136024, "1767330920_elonmusk_quote": 1767334998.136032, "1767331238_elonmusk_retweet": 1767334998.13604, "1767331280_elonmusk_reply": 1767334998.1361222, "1767331310_elonmusk_retweet": 1767334998.136153, "1767331344_elonmusk_retweet": 1767334998.1361768, "1767331582_elonmusk_reply": 1767334998.1363251, "1767331624_elonmusk_quote": 1767335000.5326989, "1767331642_elonmusk_retweet": 1767335002.0148869, "1767331646_elonmusk_reply": 1767335005.441986, "1767331692_elonmusk_quote": 1767335007.21992, "1767331736_elonmusk_quote": 1767335008.642912, "1767331796_elonmusk_reply": 1767335010.244267, "1767331823_elonmusk_retweet": 1767335012.127838, "1767331829_elonmusk_reply": 1767335015.5740778, "1767331861_elonmusk_quote": 1767335017.055478, "1767331907_elonmusk_reply": 1767335018.319199, "1767331939_elonmusk_retweet": 1767335019.9366982, "1767331955_elonmusk_quote": 1767335026.838221, "1767332044_elonmusk_quote": 1767335028.1479402, "1767332068_elonmusk_quote": 1767338946.045868, "1767332104_elonmusk_retweet": 1767338946.046068, "1767333654_binance_newTweet": 1767338946.046148, "1767340688_realDonaldTrumpTruthSocial_newTweet": 1767340706.2321851, "1767340901_binance_newTweet": 1767340902.170825, "1767342708_test_user_newTweet": 1767342927.0096729, "1767342955_test_user_newTweet": 1767342955.729931,