{"1767650654_elonmusk_reply": 1767672869.936979, "1767650898_realDonaldTrumpTruthSocial_newTweet": 1767672869.937016, "1767651582_realDonaldTrumpTruthSocial_newTweet": 1767672869.937037, "1767651588_elonmusk_retweet": 1767672869.937057, "1767652301_realDonaldTrumpTruthSocial_newTweet": 1767672869.9370759, "1767653791_realDonaldTrumpTruthSocial_newTweet": 1767672869.937095, "1767654196_elonmusk_retweet": 1767672869.937116, "1767656446_toly_follow": 1767672869.93713, "1767657117_elonmusk_reply": 1767672869.937154, "1767657140_elonmusk_reply": 1767672869.937171, "1767657241_elonmusk_reply": 1767672869.9392982, "1767657537_elonmusk_reply": 1767672869.939498, "1767657631_binance_newTweet": 1767672869.939522, "1767657693_elonmusk_reply": 1767672869.939543, "1767657760_elonmusk_retweet": 1767672869.93957, "1767657795_elonmusk_quote": 1767672869.939626, "1767657852_elonmusk_reply": 1767672869.939648, "1767658100_elonmusk_retweet": 1767672869.939667, "1767658107_elonmusk_retweet": 1767672869.939701, "1767658931_elonmusk_reply": 1767672869.939748, "1767659129_elonmusk_reply": 1767672869.940507, "1767659169_elonmusk_retweet": 1767672869.940536, "1767659360_elonmusk_reply": 1767672869.940587, "1767659817_elonmusk_reply": 1767672869.940613, "1767659889_elonmusk_reply": 1767672869.9406521, "1767662031_toly_follow": 1767672869.940672, "1767663488_brian_armstrong_follow": 1767672869.940685, "1767664842_binance_newTweet": 1767672869.940714, "1767665224_brian_armstrong_reply": 1767672869.9407759, "1767665244_brian_armstrong_quote": 1767672869.940799, "1767665652_brian_armstrong_quote": 1767672869.942964, "1767667281_brian_armstrong_reply": 1767672869.942985, "1767667450_brian_armstrong_reply": 1767672869.943004, "1767667525_brian_armstrong_quote": 1767672869.943022, "1767669454_cz_binance_reply": 1767672869.943037, "1767669583_cz_binance_quote": 1767672869.943145, "1767669889_cz_binance_reply": 1767672869.9432168, "1767670114_cz_binance_reply": 1767672869.943298, "1767670199_cz_binance_newTweet": 1767672869.943371, "1767670274_cz_binance_quote": 1767672869.9434838, "1767670604_cz_binance_reply": 1767672869.944096, "1767672010_elonmusk_quote": 1767672869.9441621, "1767672032_binance_newTweet": 1767672869.944215, "1767672046_elonmusk_reply": 1767672869.9442618, "1767672081_elonmusk_reply": 1767672869.9444091, "1767672115_elonmusk_reply": 1767672869.944457, "1767672145_elonmusk_reply": 1767672869.944509, "1767672258_elonmusk_reply": 1767672869.944543, "1767672915_elonmusk_reply": 1767672916.783116, "1767673197_elonmusk_retweet": 1767674930.8833978, "1767673273_elonmusk_reply": 1767674930.8843362, "1767673478_elonmusk_reply": 1767674930.884898, "1767673623_justinsuntron_quote": 1767674930.885217, "1767673691_elonmusk_retweet": 1767674930.8857548, "1767673813_justinsuntron_follow": 1767674930.8864698, "1767674293_elonmusk_quote": 1767674930.887448, "1767674724_justinsuntron_follow": 1767674930.888031, "1767675587_justinsuntron_quote": 1767676157.6609778, "1767676242_heyibinance_follow": 1767677217.869905, "1767676303_heyibinance_follow": 1767677217.8772411, "1767676424_heyibinance_follow": 1767677217.877568, "1767676884_elonmusk_retweet": 1767677217.877771, "1767677391_elonmusk_newTweet": 1767678217.873706, "1767677560_elonmusk_retweet": 1767678217.876105, "1767677677_elonmusk_quote": 1767678217.87633, "1767677769_elonmusk_reply": 1767678217.8765619, "1767677902_elonmusk_quote": 1767678217.876804, "1767677938_elonmusk_reply": 1767678217.876885, "1767677942_heyibinance_reply": 1767678217.876965, "1767678134_elonmusk_reply": 1767678217.883405, "1767678220_elonmusk_reply": 1767678222.4257321, "1767678243_elonmusk_retweet": 1767678244.6363819, "1767678339_elonmusk_reply": 1767678834.925128, "1767678373_elonmusk_retweet": 1767678834.927, "1767678760_elonmusk_retweet": 1767678834.9275992, "1767678861_elonmusk_quote": 1767678863.116832, "1767679158_elonmusk_reply": 1767679159.138741, "1767679213_binance_newTweet": 1767679215.526727, "1767679219_elonmusk_reply": 1767679798.370928, "1767680288_elonmusk_newTweet": 1767680290.410559, "1767680311_elonmusk_retweet": 1767680313.582974, "1767680349_elonmusk_retweet": 1767680350.3682508, "1767680423_elonmusk_retweet": 1767680424.925975, "1767680537_elonmusk_retweet": 1767680539.2634392, "1767680695_elonmusk_reply": 1767680697.389337, "1767680892_elonmusk_retweet": 1767680892.74814, "1767680916_elonmusk_retweet": 1767680917.4314702, "1767681033_cz_binance_reply": 1767681034.2622871, "1767681051_elonmusk_retweet": 1767681052.387243, "1767681148_elonmusk_retweet": 1767681149.037668, "1767681274_elonmusk_retweet": 1767681274.9571111, "1767686462_binance_newTweet": 1767686942.6593}